osm_id,code,fclass,name,ref,oneway,maxspeed,layer,bridge,tunnel,path,vertex_index,vertex_part,vertex_part_index,distance,angle,xcoord,ycoord
"960752575","5115",tertiary,Via Equilio,,B,"0","0",false,false,C:/Users/fabio.cevenini/Desktop/distanze/Nordest_main|layername=Nordest_main_roads,"5","0","5",0.00019851277054,54.8500113414483,12.6399956,45.5090805
"962732838","5114",secondary,Via Selva Rosata,,B,"0","0",false,false,C:/Users/fabio.cevenini/Desktop/distanze/Nordest_main|layername=Nordest_main_roads,"8","0","8",0.00099236386038,24.6805797342588,12.7906903,45.562758
"197127620","5115",tertiary,Via Martin Luther King,,B,"0","0",false,false,C:/Users/fabio.cevenini/Desktop/distanze/Nordest_main|layername=Nordest_main_roads,"11","0","11",0.00039380158416,79.9056344038351,12.6681549,45.517941
"962732823","5115",tertiary,Corso dei Monsoni,,B,"0","0",false,false,C:/Users/fabio.cevenini/Desktop/distanze/Nordest_main|layername=Nordest_main_roads,"1","0","1",4.43632731e-05,103.309897213639,13.101168,45.6658521
"962732814","5115",tertiary,Via Maja,,B,"0","0",false,false,C:/Users/fabio.cevenini/Desktop/distanze/Nordest_main|layername=Nordest_main_roads,"3","0","3",9.654218617e-05,292.874817616028,13.05473,45.6428204
"962224442","5115",tertiary,Via Traghete,,B,"0","1",true,false,C:/Users/fabio.cevenini/Desktop/distanze/Nordest_main|layername=Nordest_main_roads,"1","0","1",0.00017158350736,275.115825627367,12.8877073,45.6171307
"968350976","5114",secondary,Strada provinciale Eraclea-Eraclea mare,SP90,B,"0","0",false,false,C:/Users/fabio.cevenini/Desktop/distanze/Nordest_main|layername=Nordest_main_roads,"0","0","0",0,305.91672830865,12.7421529,45.5514991
"177896578","5115",tertiary,Viale dei Pini,,F,"40","0",false,false,C:/Users/fabio.cevenini/Desktop/distanze/Nordest_main|layername=Nordest_main_roads,"2","0","2",0.00023589644428,113.159765468561,12.3143557,45.1352336
"185407790","5115",tertiary,Via Mameli,,B,"50","0",false,false,C:/Users/fabio.cevenini/Desktop/distanze/Nordest_main|layername=Nordest_main_roads,"8","0","8",0.00178857633226,164.949569129341,12.644424,45.5085437
"172125841","5115",tertiary,Via Treportina,,B,"0","0",false,false,C:/Users/fabio.cevenini/Desktop/distanze/Nordest_main|layername=Nordest_main_roads,"12","0","12",0.00238124792874,330.792217986829,12.456647,45.455806
"856462091","5115",tertiary,Via della Stazione,,B,"30","0",false,false,C:/Users/fabio.cevenini/Desktop/distanze/Nordest_main|layername=Nordest_main_roads,"0","0","0",0,8.14463336560414,12.2759473,45.2097702
"865078156","5113",primary,,,B,"0","0",false,false,C:/Users/fabio.cevenini/Desktop/distanze/Nordest_main|layername=Nordest_main_roads,"2","0","2",5.868804354e-05,291.231337123541,13.0930424,45.6702878
"157262249","5115",tertiary,Via Sandro Gallo,,B,"50","0",false,false,C:/Users/fabio.cevenini/Desktop/distanze/Nordest_main|layername=Nordest_main_roads,"0","0","0",0,213.507306489262,12.3585965,45.398347
"157309424","5115",tertiary,Via Cristoforo Colombo,,B,"0","0",false,false,C:/Users/fabio.cevenini/Desktop/distanze/Nordest_main|layername=Nordest_main_roads,"19","0","19",0.0266444395355,270.19035208649,12.6924293,45.5363668
"157366674","5115",tertiary,Via Francesco Baracca,,B,"0","0",false,false,C:/Users/fabio.cevenini/Desktop/distanze/Nordest_main|layername=Nordest_main_roads,"2","0","2",0.00167116496025,69.6433361115958,12.5506125,45.4753839
"38665824","5115",tertiary,Via Orsa Maggiore,,F,"0","0",false,false,C:/Users/fabio.cevenini/Desktop/distanze/Nordest_main|layername=Nordest_main_roads,"2","0","2",0.00017444144652,244.322657277936,13.0542555,45.638221
"38665824","5115",tertiary,Via Orsa Maggiore,,F,"0","0",false,false,C:/Users/fabio.cevenini/Desktop/distanze/Nordest_main|layername=Nordest_main_roads,"3","0","3",0.00027109779655,245.423586679069,13.0541676,45.6381808
"38676195","5115",tertiary,Viale Veneto,,F,"30","0",false,false,C:/Users/fabio.cevenini/Desktop/distanze/Nordest_main|layername=Nordest_main_roads,"2","0","2",0.00040301920479,88.6528024018645,12.2934314,45.2148132
"38524557","5115",tertiary,Via Argo,,F,"0","0",false,false,C:/Users/fabio.cevenini/Desktop/distanze/Nordest_main|layername=Nordest_main_roads,"6","0","6",0.00480194871386,89.5495513545676,13.0595,45.6426941
"238165509","5115",tertiary,Via delle Rondini,,F,"0","0",false,false,C:/Users/fabio.cevenini/Desktop/distanze/Nordest_main|layername=Nordest_main_roads,"37","0","37",0.01786565016843,260.575927408122,12.8285175,45.5815399
"238165508","5115",tertiary,Via delle Rondini,,F,"0","0",false,false,C:/Users/fabio.cevenini/Desktop/distanze/Nordest_main|layername=Nordest_main_roads,"1","0","1",0.00443787902607,73.3312865669895,12.8357008,45.5847979
"238165509","5115",tertiary,Via delle Rondini,,F,"0","0",false,false,C:/Users/fabio.cevenini/Desktop/distanze/Nordest_main|layername=Nordest_main_roads,"19","0","19",0.00792080105661,253.985750272132,12.8372277,45.5854046
"245550392","5113",primary,,SR354,F,"70","1",true,false,C:/Users/fabio.cevenini/Desktop/distanze/Nordest_main|layername=Nordest_main_roads,"1","0","1",0.00016774266005,123.917430536936,13.0891781,45.6725367
"246872464","5114",secondary,Viale Tagliamento,,B,"0","0",false,false,C:/Users/fabio.cevenini/Desktop/distanze/Nordest_main|layername=Nordest_main_roads,"0","0","0",0,6.45881637865158,13.0881388,45.6622813
"35553841","5115",tertiary,,,B,"0","0",false,false,C:/Users/fabio.cevenini/Desktop/distanze/Nordest_main|layername=Nordest_main_roads,"13","0","13",0.00057494777898,220.131662200813,12.6177107,45.5004683
"37006631","5115",tertiary,,,B,"0","0",false,false,C:/Users/fabio.cevenini/Desktop/distanze/Nordest_main|layername=Nordest_main_roads,"1","0","1",6.719538675e-05,200.69956581137,12.6329368,45.5043156
"36795285","5115",tertiary,Via Alvise Terzo Mocenigo,,F,"0","0",false,false,C:/Users/fabio.cevenini/Desktop/distanze/Nordest_main|layername=Nordest_main_roads,"12","0","12",0.00224556429113,118.915424340325,12.683558,45.5205229
"36795285","5115",tertiary,Via Alvise Terzo Mocenigo,,F,"0","0",false,false,C:/Users/fabio.cevenini/Desktop/distanze/Nordest_main|layername=Nordest_main_roads,"8","0","8",0.00181067495662,92.7918796632881,12.6831444,45.5206234
"36795280","5115",tertiary,Via Papa Luciani,,F,"70","0",false,false,C:/Users/fabio.cevenini/Desktop/distanze/Nordest_main|layername=Nordest_main_roads,"0","0","0",0,50.7151350165715,12.6682979,45.5180846
"36795280","5115",tertiary,Via Papa Luciani,,F,"70","0",false,false,C:/Users/fabio.cevenini/Desktop/distanze/Nordest_main|layername=Nordest_main_roads,"15","0","15",0.01330962383637,90.0421380900732,12.6810539,45.5217651
"37236219","5115",tertiary,Viale Padania,,F,"0","0",false,false,C:/Users/fabio.cevenini/Desktop/distanze/Nordest_main|layername=Nordest_main_roads,"4","0","4",0.00645899626493,73.2854858995125,12.5948083,45.4909956
"37161535","5115",tertiary,Viale Oriente,,B,"50","0",false,false,C:/Users/fabio.cevenini/Desktop/distanze/Nordest_main|layername=Nordest_main_roads,"77","0","77",0.02709347885705,78.635429144087,12.7106547,45.5266611
"37161535","5115",tertiary,Viale Oriente,,B,"50","0",false,false,C:/Users/fabio.cevenini/Desktop/distanze/Nordest_main|layername=Nordest_main_roads,"10","0","10",0.00398628332808,75.5174459556163,12.6886389,45.521437
"1078905465","5115",tertiary,Viale Mediterraneo,,B,"0","0",false,false,C:/Users/fabio.cevenini/Desktop/distanze/Nordest_main|layername=Nordest_main_roads,"1","0","1",2.848596145e-05,107.557691110516,12.3002654,45.1986664
"37161535","5115",tertiary,Viale Oriente,,B,"50","0",false,false,C:/Users/fabio.cevenini/Desktop/distanze/Nordest_main|layername=Nordest_main_roads,"38","0","38",0.00901109095802,89.441545272884,12.6934926,45.521499
"37050351","5115",tertiary,Piazza Drago,,B,"0","0",false,false,C:/Users/fabio.cevenini/Desktop/distanze/Nordest_main|layername=Nordest_main_roads,"7","0","7",0.0003754948454,266.737419843906,12.644424,45.5085437
"37336676","5114",secondary,,SP42,B,"0","0",false,false,C:/Users/fabio.cevenini/Desktop/distanze/Nordest_main|layername=Nordest_main_roads,"5","0","5",0.00029110148692,285.055999417238,12.6174523,45.5023873
"1035227468","5114",secondary,Via Strada Nuova,,B,"0","0",false,false,C:/Users/fabio.cevenini/Desktop/distanze/Nordest_main|layername=Nordest_main_roads,"2","0","2",0.00011905647382,98.8087230452847,12.8751279,45.6065822
"32203461","5115",tertiary,Corso del Sole,,F,"70","0",false,false,C:/Users/fabio.cevenini/Desktop/distanze/Nordest_main|layername=Nordest_main_roads,"2","0","2",0.00026734996373,350.936593455805,13.0612692,45.6430684
"32203461","5115",tertiary,Corso del Sole,,F,"70","0",false,false,C:/Users/fabio.cevenini/Desktop/distanze/Nordest_main|layername=Nordest_main_roads,"5","0","5",0.00161951673326,357.656010193205,13.0612155,45.6444195
"1051387209","5115",tertiary,,SP42,B,"0","0",false,false,C:/Users/fabio.cevenini/Desktop/distanze/Nordest_main|layername=Nordest_main_roads,"4","0","4",0.00021574884629,308.701641455389,12.6347962,45.5077334
"1061504844","5115",tertiary,Viale delle Arti,,F,"0","0",false,false,C:/Users/fabio.cevenini/Desktop/distanze/Nordest_main|layername=Nordest_main_roads,"8","0","8",0.00030972325254,289.796867667846,13.0959214,45.6586553
"34255684","5115",tertiary,Viale Lepanto,,F,"0","0",false,false,C:/Users/fabio.cevenini/Desktop/distanze/Nordest_main|layername=Nordest_main_roads,"3","0","3",0.0005843236375,249.852292089467,12.847028,45.5845483
"1073575801","5114",secondary,Viale Tagliamento,,B,"50","0",false,false,C:/Users/fabio.cevenini/Desktop/distanze/Nordest_main|layername=Nordest_main_roads,"4","0","4",0.00021967740096,233.72600306934,13.0914195,45.6668365
"992764023","5115",tertiary,Strada Belvedere Sacca,,B,"0","0",false,false,C:/Users/fabio.cevenini/Desktop/distanze/Nordest_main|layername=Nordest_main_roads,"13","0","13",0.01133571409766,104.010315536393,12.3992201,44.8156352
"29987500","5134",secondary_link,Via Strada Nuova,,F,"0","0",false,false,C:/Users/fabio.cevenini/Desktop/distanze/Nordest_main|layername=Nordest_main_roads,"3","0","3",0.00019740963306,111.727281968775,12.8821119,45.6025311
"414441492","5113",primary,,,B,"0","0",false,false,C:/Users/fabio.cevenini/Desktop/distanze/Nordest_main|layername=Nordest_main_roads,"14","0","14",0.00036227906402,20.5154839459391,13.09323,45.6699839
"437741131","5115",tertiary,Piazzale F.Grimani,,B,"30","0",false,false,C:/Users/fabio.cevenini/Desktop/distanze/Nordest_main|layername=Nordest_main_roads,"0","0","0",0,107.915665950108,12.3585965,45.398347
"437741131","5115",tertiary,Piazzale F.Grimani,,B,"30","0",false,false,C:/Users/fabio.cevenini/Desktop/distanze/Nordest_main|layername=Nordest_main_roads,"6","0","6",0.0002867828386,344.725527734207,12.3588128,45.3984436
"4959403","5115",tertiary,Viale Cherso,,F,"50","0",false,false,C:/Users/fabio.cevenini/Desktop/distanze/Nordest_main|layername=Nordest_main_roads,"20","0","20",0.00415277297431,106.815684991254,12.8020691,45.5663832
"438981759","5115",tertiary,Via Roma Destra,SP42,B,"50","0",false,false,C:/Users/fabio.cevenini/Desktop/distanze/Nordest_main|layername=Nordest_main_roads,"5","0","5",0.00156147976268,199.499794778694,12.6377522,45.5170686
"4761697","5113",primary,Via Luigi Negrelli,SP59,F,"0","0",false,false,C:/Users/fabio.cevenini/Desktop/distanze/Nordest_main|layername=Nordest_main_roads,"6","0","6",0.00031923934016,107.809369908964,12.8768073,45.6080425
"436159008","5115",tertiary,Via Francesco Baracca,,B,"0","0",false,false,C:/Users/fabio.cevenini/Desktop/distanze/Nordest_main|layername=Nordest_main_roads,"0","0","0",0,121.122470201926,12.5536841,45.4766033
"4959403","5115",tertiary,Viale Cherso,,F,"50","0",false,false,C:/Users/fabio.cevenini/Desktop/distanze/Nordest_main|layername=Nordest_main_roads,"5","0","5",0.00126928615114,202.918209297288,12.8006882,45.5685037
"4471316","5114",secondary,Via Franco Gallini,SP54,F,"0","0",false,false,C:/Users/fabio.cevenini/Desktop/distanze/Nordest_main|layername=Nordest_main_roads,"0","0","0",0,224.628918533975,12.875357,45.6070199
"91704593","5115",tertiary,Corso del Popolo,,B,"0","1",true,false,C:/Users/fabio.cevenini/Desktop/distanze/Nordest_main|layername=Nordest_main_roads,"0","0","0",0,21.6733854415623,12.2774624,45.2161658
"91704583","5115",tertiary,Viale Veneto,,F,"30","0",false,false,C:/Users/fabio.cevenini/Desktop/distanze/Nordest_main|layername=Nordest_main_roads,"1","0","1",0.00010602716633,268.702958675061,12.2948812,45.2150344
"441637757","5115",tertiary,Via Maja,,F,"0","0",false,false,C:/Users/fabio.cevenini/Desktop/distanze/Nordest_main|layername=Nordest_main_roads,"0","0","0",0,191.375600959774,13.0546581,45.6429674
"439021394","5115",tertiary,Via Francesco Baracca,,F,"50","0",false,false,C:/Users/fabio.cevenini/Desktop/distanze/Nordest_main|layername=Nordest_main_roads,"0","0","0",0,354.900829000929,12.5764547,45.4874746
"439111739","5115",tertiary,Via Pordelio,,B,"0","0",false,false,C:/Users/fabio.cevenini/Desktop/distanze/Nordest_main|layername=Nordest_main_roads,"3","0","3",0.0012585248304,57.9345845488209,12.4844101,45.4647186
"346342613","5115",tertiary,Via Po Gorino,,B,"0","0",false,false,C:/Users/fabio.cevenini/Desktop/distanze/Nordest_main|layername=Nordest_main_roads,"5","0","5",0.00239458894873,170.633630197336,12.3484031,44.8376128
"350314672","5114",secondary,Via Fausta,SP42,B,"0","0",false,false,C:/Users/fabio.cevenini/Desktop/distanze/Nordest_main|layername=Nordest_main_roads,"0","0","0",0,258.652327419117,12.5302261,45.4680491
"366938901","5114",secondary,Viale dei Fiori,,F,"0","0",false,false,C:/Users/fabio.cevenini/Desktop/distanze/Nordest_main|layername=Nordest_main_roads,"3","0","3",0.0002654398616,118.749661966255,12.7707096,45.5554057
"293842569","5114",secondary,Corso Chiggiato,,F,"0","0",false,false,C:/Users/fabio.cevenini/Desktop/distanze/Nordest_main|layername=Nordest_main_roads,"34","0","34",0.00288968494199,66.9165268952324,12.885076,45.6026779
"296769105","5115",tertiary,,,B,"0","0",false,false,C:/Users/fabio.cevenini/Desktop/distanze/Nordest_main|layername=Nordest_main_roads,"15","0","15",0.00011606057237,272.565332105378,12.4559666,45.4571249
"297058130","5113",primary,Piazza Papa Giovanni,,B,"0","0",false,false,C:/Users/fabio.cevenini/Desktop/distanze/Nordest_main|layername=Nordest_main_roads,"1","0","1",5.921427193e-05,264.723442237998,12.8876399,45.600447
"296938320","5114",secondary,Via Selva Rosata,,B,"0","0",false,false,C:/Users/fabio.cevenini/Desktop/distanze/Nordest_main|layername=Nordest_main_roads,"2","0","2",0.00089246274204,254.867468925697,12.8043437,45.5724931
"296900055","5115",tertiary,Via Francesco Baracca,,B,"0","0",false,false,C:/Users/fabio.cevenini/Desktop/distanze/Nordest_main|layername=Nordest_main_roads,"4","0","4",0.00022790213589,80.0152925353889,12.5576825,45.4777872
"296945304","5115",tertiary,Via Umago,,B,"0","0",false,false,C:/Users/fabio.cevenini/Desktop/distanze/Nordest_main|layername=Nordest_main_roads,"1","0","1",5.300943312e-05,296.225596480706,12.8016959,45.5696055
"296891388","5115",tertiary,Via Francesco Baracca,,F,"0","0",false,false,C:/Users/fabio.cevenini/Desktop/distanze/Nordest_main|layername=Nordest_main_roads,"17","0","17",0.00411122057491,246.926249568508,12.573668,45.4807034
"313926861","5115",tertiary,Lungomare Dante Alighieri,,B,"0","0",false,false,C:/Users/fabio.cevenini/Desktop/distanze/Nordest_main|layername=Nordest_main_roads,"8","0","8",0.00569489800947,121.05643546747,12.4313451,45.4264818
"256421123","5115",tertiary,Strada Madonna Marina,,B,"0","0",false,false,C:/Users/fabio.cevenini/Desktop/distanze/Nordest_main|layername=Nordest_main_roads,"6","0","6",0.00015160991905,87.3158825253293,12.2876504,45.2036955
"256421123","5115",tertiary,Strada Madonna Marina,,B,"0","0",false,false,C:/Users/fabio.cevenini/Desktop/distanze/Nordest_main|layername=Nordest_main_roads,"7","0","7",0.00018577715481,66.9938923878815,12.2876838,45.2037027
"256567884","5115",tertiary,,,B,"0","0",false,false,C:/Users/fabio.cevenini/Desktop/distanze/Nordest_main|layername=Nordest_main_roads,"6","0","6",0.00019725231913,214.252704904261,12.2846461,45.1984146
"261678208","5115",tertiary,Via Pordelio,,B,"0","0",false,false,C:/Users/fabio.cevenini/Desktop/distanze/Nordest_main|layername=Nordest_main_roads,"3","0","3",0.00419270457,71.1976787106281,12.5456673,45.4824263
"266187368","5113",primary,Via Luigi Negrelli,SP59,F,"0","0",false,false,C:/Users/fabio.cevenini/Desktop/distanze/Nordest_main|layername=Nordest_main_roads,"5","0","5",0.00018991494805,309.082181142069,12.8769015,45.6080685
"266187368","5113",primary,Via Luigi Negrelli,SP59,F,"0","0",false,false,C:/Users/fabio.cevenini/Desktop/distanze/Nordest_main|layername=Nordest_main_roads,"5","0","5",0.00018991494805,309.082181142069,12.8769015,45.6080685
"266187368","5113",primary,Via Luigi Negrelli,SP59,F,"0","0",false,false,C:/Users/fabio.cevenini/Desktop/distanze/Nordest_main|layername=Nordest_main_roads,"4","0","4",0.00015263050089,310.679460382859,12.8769302,45.6080447
"266187370","5113",primary,Strada Sesta Presa,SP59,F,"0","0",false,false,C:/Users/fabio.cevenini/Desktop/distanze/Nordest_main|layername=Nordest_main_roads,"10","0","10",0.00052711420201,317.982938180559,12.8762082,45.6088459
"143849442","5115",tertiary,,,B,"0","0",false,false,C:/Users/fabio.cevenini/Desktop/distanze/Nordest_main|layername=Nordest_main_roads,"17","0","17",0.00052245294021,42.8139447676145,12.6441132,45.5068682
"142275056","5115",tertiary,Strada Madonna Marina,,F,"0","0",false,false,C:/Users/fabio.cevenini/Desktop/distanze/Nordest_main|layername=Nordest_main_roads,"0","0","0",0,26.2335609638107,12.288242,45.2051079
"142275056","5115",tertiary,Strada Madonna Marina,,F,"0","0",false,false,C:/Users/fabio.cevenini/Desktop/distanze/Nordest_main|layername=Nordest_main_roads,"11","0","11",0.00181066451681,26.2303205845067,12.2890423,45.2067321
"142959951","5114",secondary,,,F,"0","0",false,false,C:/Users/fabio.cevenini/Desktop/distanze/Nordest_main|layername=Nordest_main_roads,"3","0","3",0.00089921501035,290.22505270813,12.7454663,45.5490868
"152110811","5115",tertiary,Corso del Sole,,F,"0","0",false,false,C:/Users/fabio.cevenini/Desktop/distanze/Nordest_main|layername=Nordest_main_roads,"0","0","0",0,211.363302214969,13.0613895,45.6426562
"151099256","5115",tertiary,Via Timavo,,F,"0","0",false,false,C:/Users/fabio.cevenini/Desktop/distanze/Nordest_main|layername=Nordest_main_roads,"11","0","11",0.00303941482907,268.602434741084,13.0515531,45.6427653
"151503996","5113",primary,Piazza Papa Giovanni,,B,"0","0",false,false,C:/Users/fabio.cevenini/Desktop/distanze/Nordest_main|layername=Nordest_main_roads,"1","0","1",2.832543027e-05,85.5550932961664,12.8876939,45.6000931
"151099256","5115",tertiary,Via Timavo,,F,"0","0",false,false,C:/Users/fabio.cevenini/Desktop/distanze/Nordest_main|layername=Nordest_main_roads,"21","0","21",0.00878671900543,274.314328292876,13.0458079,45.6426177
"151503997","5114",secondary,Viale Panama,SP54,B,"0","0",false,false,C:/Users/fabio.cevenini/Desktop/distanze/Nordest_main|layername=Nordest_main_roads,"10","0","10",0.00466248364034,234.541113858088,12.8711606,45.6021066
"152258180","5115",tertiary,Corso del Sole,,F,"0","0",false,false,C:/Users/fabio.cevenini/Desktop/distanze/Nordest_main|layername=Nordest_main_roads,"0","0","0",0,138.814074834682,13.0612977,45.6383294
"152250424","5115",tertiary,Via Orsa Maggiore,,B,"0","0",false,false,C:/Users/fabio.cevenini/Desktop/distanze/Nordest_main|layername=Nordest_main_roads,"13","0","13",0.00511371689327,88.4718207948769,13.0492269,45.6380491
"137020402","5115",tertiary,Via Maja,,F,"0","0",false,false,C:/Users/fabio.cevenini/Desktop/distanze/Nordest_main|layername=Nordest_main_roads,"1","0","1",0.00011774654985,4.37513499527076,13.054653,45.6384421
"136729797","5115",tertiary,Via Granatieri di Sardegna,,B,"0","0",false,false,C:/Users/fabio.cevenini/Desktop/distanze/Nordest_main|layername=Nordest_main_roads,"28","0","28",0.00486121910586,346.250368096171,12.2761835,45.2059666
"692538661","5115",tertiary,Via Equilia,,B,"30","0",false,false,C:/Users/fabio.cevenini/Desktop/distanze/Nordest_main|layername=Nordest_main_roads,"0","0","0",0,106.751719747256,12.5526563,45.4830533
"712693603","5113",primary,Rotonda Picchi,SP42,B,"0","0",false,false,C:/Users/fabio.cevenini/Desktop/distanze/Nordest_main|layername=Nordest_main_roads,"38","0","38",0.0041890935538,119.745254294744,12.6347908,45.5093059
"25005496","5115",tertiary,Via Maja,,B,"0","0",false,false,C:/Users/fabio.cevenini/Desktop/distanze/Nordest_main|layername=Nordest_main_roads,"0","0","0",0,257.08973468163,13.0546311,45.6428332
"25115048","5115",tertiary,Viale Mediterraneo,,F,"0","0",false,false,C:/Users/fabio.cevenini/Desktop/distanze/Nordest_main|layername=Nordest_main_roads,"2","0","2",0.00105233337765,260.287499780462,12.2969359,45.1980217
"712693590","5115",tertiary,Via Maja,,B,"0","0",false,false,C:/Users/fabio.cevenini/Desktop/distanze/Nordest_main|layername=Nordest_main_roads,"2","0","2",0.00099675933527,359.087458030195,13.0545785,45.6467046
"123461803","5115",tertiary,Via Strada Nuova,,B,"0","0",false,false,C:/Users/fabio.cevenini/Desktop/distanze/Nordest_main|layername=Nordest_main_roads,"13","0","13",0.00200613738581,287.550343131401,12.8794151,45.6047319
"22588327","5115",tertiary,Lungomare Adriatico,,F,"0","0",false,false,C:/Users/fabio.cevenini/Desktop/distanze/Nordest_main|layername=Nordest_main_roads,"0","0","0",0,56.3225028503238,12.3004783,45.1987745
"22588327","5115",tertiary,Lungomare Adriatico,,F,"0","0",false,false,C:/Users/fabio.cevenini/Desktop/distanze/Nordest_main|layername=Nordest_main_roads,"2","0","2",0.00017977833664,50.8375712362858,12.3006279,45.1988742
"123459198","5134",secondary_link,,,F,"0","0",false,false,C:/Users/fabio.cevenini/Desktop/distanze/Nordest_main|layername=Nordest_main_roads,"2","0","2",0.00016513195083,278.73848834237,12.8684922,45.6001458
"128637125","5114",secondary,Viale Altanea,,B,"50","0",false,false,C:/Users/fabio.cevenini/Desktop/distanze/Nordest_main|layername=Nordest_main_roads,"8","0","8",0.00123499367365,299.889359263767,12.8273416,45.583043
"128637130","5134",secondary_link,,,B,"0","0",false,false,C:/Users/fabio.cevenini/Desktop/distanze/Nordest_main|layername=Nordest_main_roads,"7","0","7",0.00078763888606,86.9591823247419,12.8274033,45.5808596
"128083961","5134",secondary_link,,,F,"0","0",false,false,C:/Users/fabio.cevenini/Desktop/distanze/Nordest_main|layername=Nordest_main_roads,"1","0","1",0.00012271805083,201.898899868687,12.8532294,45.591388
"133346526","5115",tertiary,Via Pordelio,,F,"0","0",false,false,C:/Users/fabio.cevenini/Desktop/distanze/Nordest_main|layername=Nordest_main_roads,"3","0","3",0.00021658953683,47.5312446236245,12.4609533,45.4581851
"23544278","5115",tertiary,Corso Venezia,,F,"0","0",false,false,C:/Users/fabio.cevenini/Desktop/distanze/Nordest_main|layername=Nordest_main_roads,"4","0","4",0.00257722308529,25.164516609089,12.8520482,45.5870867
"130350067","5115",tertiary,Via Martin Luther King,,F,"50","0",false,false,C:/Users/fabio.cevenini/Desktop/distanze/Nordest_main|layername=Nordest_main_roads,"11","0","11",0.00598457889028,79.393195956704,12.6494602,45.5119313
"129535257","5115",tertiary,,,B,"0","0",false,false,C:/Users/fabio.cevenini/Desktop/distanze/Nordest_main|layername=Nordest_main_roads,"9","0","9",0.0005967012175,86.3819386051129,12.5892027,45.484725
"129535262","5115",tertiary,Via Gorizia,,F,"0","0",false,false,C:/Users/fabio.cevenini/Desktop/distanze/Nordest_main|layername=Nordest_main_roads,"1","0","1",0.00015379206742,72.2317591459392,12.589524,45.4848165
"615913607","5115",tertiary,Via Po di Levante,,B,"50","0",false,false,C:/Users/fabio.cevenini/Desktop/distanze/Nordest_main|layername=Nordest_main_roads,"13","0","13",0.00335612212742,289.398666635703,12.3562016,45.0572878
"129535266","5114",secondary,Via Roma Destra,SP42,B,"0","0",false,false,C:/Users/fabio.cevenini/Desktop/distanze/Nordest_main|layername=Nordest_main_roads,"12","0","12",0.00066166244984,198.908188924547,12.6020441,45.4975284
"135297991","5115",tertiary,Via delle Valli,,B,"0","0",false,false,C:/Users/fabio.cevenini/Desktop/distanze/Nordest_main|layername=Nordest_main_roads,"8","0","8",0.00303484289966,97.7094754603492,12.378583,45.036571
"135297991","5115",tertiary,Via delle Valli,,B,"0","0",false,false,C:/Users/fabio.cevenini/Desktop/distanze/Nordest_main|layername=Nordest_main_roads,"12","0","12",0.00394082724479,22.7088244155588,12.3793613,45.036855
"135999773","5115",tertiary,Via Strada del Mare,SP38,B,"0","0",false,false,C:/Users/fabio.cevenini/Desktop/distanze/Nordest_main|layername=Nordest_main_roads,"7","0","7",0.0048837521571,172.003635014197,12.4628561,44.8801226
"465144823","5114",secondary,Via Fausta,SP42,B,"0","0",false,false,C:/Users/fabio.cevenini/Desktop/distanze/Nordest_main|layername=Nordest_main_roads,"5","0","5",0.00787305878901,258.841479206175,12.4868176,45.4594278
"114416656","5115",tertiary,Via Sandro Gallo,,B,"30","0",false,false,C:/Users/fabio.cevenini/Desktop/distanze/Nordest_main|layername=Nordest_main_roads,"8","0","8",0.00374196699746,218.250275701844,12.3534664,45.3917238
"456309942","5115",tertiary,Via Maja,,F,"0","0",false,false,C:/Users/fabio.cevenini/Desktop/distanze/Nordest_main|layername=Nordest_main_roads,"3","0","3",0.00081310968853,357.894192078021,13.0546551,45.6396869
"447654863","5114",secondary,,,B,"0","0",false,false,C:/Users/fabio.cevenini/Desktop/distanze/Nordest_main|layername=Nordest_main_roads,"4","0","4",8.65919302e-05,115.421185846753,12.7703767,45.5555071
"116737203","5114",secondary,Viale dei Fiori,,B,"0","0",false,false,C:/Users/fabio.cevenini/Desktop/distanze/Nordest_main|layername=Nordest_main_roads,"3","0","3",0.00027274479203,240.310891868055,12.7717675,45.5543875
"509420579","5115",tertiary,Via Equilia,,B,"30","0",false,false,C:/Users/fabio.cevenini/Desktop/distanze/Nordest_main|layername=Nordest_main_roads,"0","0","0",0,108.827379531045,12.55161,45.4834105
"116760889","5114",secondary,Via Fausta,SP42,B,"0","0",false,false,C:/Users/fabio.cevenini/Desktop/distanze/Nordest_main|layername=Nordest_main_roads,"6","0","6",0.0017840490128,224.926554375005,12.5474374,45.4718475
"509431301","5114",secondary,Via Fausta,SP42,B,"0","0",false,false,C:/Users/fabio.cevenini/Desktop/distanze/Nordest_main|layername=Nordest_main_roads,"2","0","2",9.384450069e-05,310.608630649822,12.5537774,45.4827672
"123440508","5114",secondary,Via Fausta,SP42,B,"0","0",false,false,C:/Users/fabio.cevenini/Desktop/distanze/Nordest_main|layername=Nordest_main_roads,"11","0","11",0.01387758393118,259.118828789032,12.4409308,45.4502819
"123440508","5114",secondary,Via Fausta,SP42,B,"0","0",false,false,C:/Users/fabio.cevenini/Desktop/distanze/Nordest_main|layername=Nordest_main_roads,"7","0","7",0.00716229447929,257.920752227499,12.4475199,45.4515773
"502106532","5115",tertiary,Santa Maria Elisabetta,,F,"0","0",false,false,C:/Users/fabio.cevenini/Desktop/distanze/Nordest_main|layername=Nordest_main_roads,"0","0","0",0,354.301985518536,12.3683985,45.4171536
"122820012","5115",tertiary,Strada Madonna Marina,,B,"0","0",false,false,C:/Users/fabio.cevenini/Desktop/distanze/Nordest_main|layername=Nordest_main_roads,"2","0","2",0.00049423092279,204.956344709126,12.2853946,45.1993776
"123096240","5115",tertiary,Via della Stazione,,B,"50","0",false,false,C:/Users/fabio.cevenini/Desktop/distanze/Nordest_main|layername=Nordest_main_roads,"5","0","5",0.00117268702624,350.499946851388,12.2756941,45.2079962
"27888215","5113",primary,Via Timavo,,B,"0","0",false,false,C:/Users/fabio.cevenini/Desktop/distanze/Nordest_main|layername=Nordest_main_roads,"4","0","4",0.00021431902921,297.805920954903,13.5524656,45.801661
"27888094","5115",tertiary,Via Portorosega,,B,"0","0",false,false,C:/Users/fabio.cevenini/Desktop/distanze/Nordest_main|layername=Nordest_main_roads,"2","0","2",0.00089552831958,171.174100554141,13.54518,45.8026629
"954865851","5135",tertiary_link,Strada di San Clemente,,F,"50","0",false,false,C:/Users/fabio.cevenini/Desktop/distanze/Nordest_main|layername=Nordest_main_roads,"4","0","4",0.00058713820686,289.944798171793,13.7970222,45.5908057
"28541048","5132",trunk_link,Autostrada Sistiana-Rabuiese (tronco II),A,F,"0","1",true,false,C:/Users/fabio.cevenini/Desktop/distanze/Nordest_main|layername=Nordest_main_roads,"15","0","15",0.00276906180227,230.010856740774,13.8291032,45.6077988
"28541048","5132",trunk_link,Autostrada Sistiana-Rabuiese (tronco II),A,F,"0","1",true,false,C:/Users/fabio.cevenini/Desktop/distanze/Nordest_main|layername=Nordest_main_roads,"7","0","7",0.00147558321643,171.563941872096,13.82984,45.6087897
"28541048","5132",trunk_link,Autostrada Sistiana-Rabuiese (tronco II),A,F,"0","1",true,false,C:/Users/fabio.cevenini/Desktop/distanze/Nordest_main|layername=Nordest_main_roads,"8","0","8",0.00158397666642,183.437161673021,13.8298445,45.6086814
"28541163","5132",trunk_link,Autostrada Sistiana-Rabuiese (tronco II),A,F,"50","2",true,false,C:/Users/fabio.cevenini/Desktop/distanze/Nordest_main|layername=Nordest_main_roads,"10","0","10",0.00420831455757,94.0847575794389,13.8325529,45.6077725
"200403684","5113",primary,,NSA56,F,"40","0",false,false,C:/Users/fabio.cevenini/Desktop/distanze/Nordest_main|layername=Nordest_main_roads,"0","0","0",0,129.954680759139,13.6407927,45.7604304
"962732810","5115",tertiary,Corso degli Alisei,,B,"50","0",false,false,C:/Users/fabio.cevenini/Desktop/distanze/Nordest_main|layername=Nordest_main_roads,"4","0","4",9.480888541e-05,295.832876600709,13.1125614,45.6739561
"962732811","5115",tertiary,Viale Centrale,,B,"50","0",false,false,C:/Users/fabio.cevenini/Desktop/distanze/Nordest_main|layername=Nordest_main_roads,"0","0","0",0,174.427802195811,13.1266582,45.6815353
"973812516","5112",trunk,Nuova Sopraelevata,SS202,F,"50","2",true,false,C:/Users/fabio.cevenini/Desktop/distanze/Nordest_main|layername=Nordest_main_roads,"9","0","9",0.00243102836112,329.594578771175,13.7804326,45.6292032
"201699593","5114",secondary,,SP1,B,"50","0",false,false,C:/Users/fabio.cevenini/Desktop/distanze/Nordest_main|layername=Nordest_main_roads,"12","0","12",0.00556956401859,127.925922702598,13.7228784,45.718721
"201699594","5114",secondary,,SP1,B,"50","0",false,false,C:/Users/fabio.cevenini/Desktop/distanze/Nordest_main|layername=Nordest_main_roads,"1","0","1",0.00177074188407,123.716092703936,13.7183355,45.7219367
"973812516","5112",trunk,Nuova Sopraelevata,SS202,F,"50","2",true,false,C:/Users/fabio.cevenini/Desktop/distanze/Nordest_main|layername=Nordest_main_roads,"43","0","43",0.01386097754416,298.608795643638,13.7755102,45.6381036
"973812516","5112",trunk,Nuova Sopraelevata,SS202,F,"50","2",true,false,C:/Users/fabio.cevenini/Desktop/distanze/Nordest_main|layername=Nordest_main_roads,"51","0","51",0.01619582294218,262.846977543608,13.773255,45.6385388
"28894577","5113",primary,Riva Sebastiano Scaramuzza,SP19,F,"50","0",false,false,C:/Users/fabio.cevenini/Desktop/distanze/Nordest_main|layername=Nordest_main_roads,"2","0","2",0.00058662074344,327.372299011542,13.3882907,45.6789716
"28894577","5113",primary,Riva Sebastiano Scaramuzza,SP19,F,"50","0",false,false,C:/Users/fabio.cevenini/Desktop/distanze/Nordest_main|layername=Nordest_main_roads,"0","0","0",0,308.157226586834,13.3887248,45.6785817
"983629095","5113",primary,Via del Coroneo,,F,"50","0",false,false,C:/Users/fabio.cevenini/Desktop/distanze/Nordest_main|layername=Nordest_main_roads,"10","0","10",0.00230990958511,57.9821802640515,13.7785645,45.6536196
"200403688","5115",tertiary,,SP2,B,"50","0",false,false,C:/Users/fabio.cevenini/Desktop/distanze/Nordest_main|layername=Nordest_main_roads,"9","0","9",0.00157950794915,273.572892996902,13.6061343,45.7731761
"983800214","5113",primary,Largo della Marcelliana,,B,"0","0",false,false,C:/Users/fabio.cevenini/Desktop/distanze/Nordest_main|layername=Nordest_main_roads,"1","0","1",5.954939126e-05,65.5667461734455,13.5291603,45.7994465
"27168625","5114",secondary,Via Giovanni e Sebastiano Caboto,,B,"50","0",false,false,C:/Users/fabio.cevenini/Desktop/distanze/Nordest_main|layername=Nordest_main_roads,"2","0","2",0.00016990145204,254.300597712643,13.8185563,45.6163695
"27148556","5114",secondary,Via di Servola,,F,"0","0",false,false,C:/Users/fabio.cevenini/Desktop/distanze/Nordest_main|layername=Nordest_main_roads,"2","0","2",0.00031956129677,196.528094659,13.780898,45.6272028
"27148396","5132",trunk_link,Nuova Sopraelevata,,F,"0","1",true,false,C:/Users/fabio.cevenini/Desktop/distanze/Nordest_main|layername=Nordest_main_roads,"2","0","2",0.00025077069232,17.7513413539401,13.7809784,45.6270912
"875174822","5115",tertiary,Via della Pace,,B,"50","0",false,false,C:/Users/fabio.cevenini/Desktop/distanze/Nordest_main|layername=Nordest_main_roads,"9","0","9",0.0021195318602,41.3901139504079,13.7944672,45.6321209
"875522349","5134",secondary_link,Riva del Mandracchio,,F,"50","0",false,false,C:/Users/fabio.cevenini/Desktop/distanze/Nordest_main|layername=Nordest_main_roads,"5","0","5",0.00082288154143,216.188770666932,13.7659519,45.6499479
"870463321","5113",primary,Viale Miramare,,B,"50","0",false,false,C:/Users/fabio.cevenini/Desktop/distanze/Nordest_main|layername=Nordest_main_roads,"4","0","4",0.00016007251797,181.874895952297,13.7591481,45.6692968
"927207010","5114",secondary,Strada del Friuli,,B,"30","0",false,false,C:/Users/fabio.cevenini/Desktop/distanze/Nordest_main|layername=Nordest_main_roads,"41","0","41",0.00431611750659,312.297309212136,13.7587288,45.6818604
"927207010","5114",secondary,Strada del Friuli,,B,"30","0",false,false,C:/Users/fabio.cevenini/Desktop/distanze/Nordest_main|layername=Nordest_main_roads,"30","0","30",0.00298123481118,301.706358560113,13.7596169,45.6808812
"915103947","5132",trunk_link,Autostrada Sistiana-Rabuiese (tronco II),,F,"0","0",false,false,C:/Users/fabio.cevenini/Desktop/distanze/Nordest_main|layername=Nordest_main_roads,"5","0","5",0.00202486984537,283.267828697117,13.8310093,45.6094918
"915103948","5132",trunk_link,Autostrada Sistiana-Rabuiese (tronco II),,F,"0","1",true,false,C:/Users/fabio.cevenini/Desktop/distanze/Nordest_main|layername=Nordest_main_roads,"1","0","1",0.00024721943694,283.187437563284,13.8329119,45.6088114
"948279561","5114",secondary,,SP32,B,"0","0",false,false,C:/Users/fabio.cevenini/Desktop/distanze/Nordest_main|layername=Nordest_main_roads,"3","0","3",0.00036153866432,341.077515826534,13.6469167,45.7746663
"947788145","5131",motorway_link,,,F,"40","0",false,false,C:/Users/fabio.cevenini/Desktop/distanze/Nordest_main|layername=Nordest_main_roads,"6","0","6",0.00135657919466,232.816618473013,13.6485317,45.7674917
"167304874","5115",tertiary,Via Galileo Galilei,,B,"0","0",false,false,C:/Users/fabio.cevenini/Desktop/distanze/Nordest_main|layername=Nordest_main_roads,"1","0","1",0.00017158452727,103.932850657671,13.5212761,45.8141992
"26376376","5131",motorway_link,,NSA56,F,"40","1",true,false,C:/Users/fabio.cevenini/Desktop/distanze/Nordest_main|layername=Nordest_main_roads,"0","0","0",0,54.2779089779609,13.6481611,45.7671458
"26376356","5131",motorway_link,,NSA56,F,"40","0",false,false,C:/Users/fabio.cevenini/Desktop/distanze/Nordest_main|layername=Nordest_main_roads,"1","0","1",0.00079384432353,55.6257047466087,13.6478077,45.7669008
"932335165","5114",secondary,Via Roma,,F,"50","0",false,false,C:/Users/fabio.cevenini/Desktop/distanze/Nordest_main|layername=Nordest_main_roads,"6","0","6",0.00100456944309,208.223485713686,13.7716749,45.6511999
"835517138","5115",tertiary,,,F,"0","0",false,false,C:/Users/fabio.cevenini/Desktop/distanze/Nordest_main|layername=Nordest_main_roads,"2","0","2",0.00010224979394,105.277561235527,13.724098,45.5958678
"26621556","5115",tertiary,Via Flavia di Stramare,SP37,F,"50","0",false,false,C:/Users/fabio.cevenini/Desktop/distanze/Nordest_main|layername=Nordest_main_roads,"2","0","2",0.00043705948159,245.019536832353,13.8029823,45.5878132
"26544273","5115",tertiary,,,B,"0","0",false,false,C:/Users/fabio.cevenini/Desktop/distanze/Nordest_main|layername=Nordest_main_roads,"10","0","10",0.00242948333015,64.1723273600439,13.8274759,45.6143754
"855866471","5113",primary,,,B,"0","0",false,false,C:/Users/fabio.cevenini/Desktop/distanze/Nordest_main|layername=Nordest_main_roads,"1","0","1",2.508405868e-05,186.283441370119,13.5423955,45.8022359
"27129870","5115",tertiary,,,B,"0","0",false,false,C:/Users/fabio.cevenini/Desktop/distanze/Nordest_main|layername=Nordest_main_roads,"7","0","7",0.0016192131466,260.631508519878,13.6996293,45.7355084
"27130065","5115",tertiary,,,B,"30","0",false,false,C:/Users/fabio.cevenini/Desktop/distanze/Nordest_main|layername=Nordest_main_roads,"8","0","8",0.00214418964439,286.969618004184,13.6895406,45.7325737
"856748499","5113",primary,Via Arrigo Boito,,F,"50","0",false,false,C:/Users/fabio.cevenini/Desktop/distanze/Nordest_main|layername=Nordest_main_roads,"6","0","6",0.00195541999955,93.573484182699,13.5475508,45.8019844
"27073020","5113",primary,,NSA56,F,"40","0",false,false,C:/Users/fabio.cevenini/Desktop/distanze/Nordest_main|layername=Nordest_main_roads,"5","0","5",0.00253164995143,359.299308090716,13.6404015,45.7619032
"859270093","5135",tertiary_link,Piazzale Antonio Baiamonti,,F,"50","0",false,false,C:/Users/fabio.cevenini/Desktop/distanze/Nordest_main|layername=Nordest_main_roads,"3","0","3",0.00024676970566,133.700107759386,13.7917434,45.631232
"862176626","5135",tertiary_link,,,F,"0","0",false,false,C:/Users/fabio.cevenini/Desktop/distanze/Nordest_main|layername=Nordest_main_roads,"2","0","2",3.84966116e-05,338.368826812726,13.5884473,45.7804499
"785332129","5113",primary,Piazzale Chino Alessi,,F,"50","0",false,false,C:/Users/fabio.cevenini/Desktop/distanze/Nordest_main|layername=Nordest_main_roads,"1","0","1",0.00028795529167,59.4306189091171,13.7538273,45.6440778
"783580565","5115",tertiary,Via Costalunga,,B,"50","0",false,false,C:/Users/fabio.cevenini/Desktop/distanze/Nordest_main|layername=Nordest_main_roads,"19","0","19",0.00551486131131,300.050179611885,13.7957094,45.6328045
"26207798","5113",primary,Tunnel Prosecco,SP35,B,"90","-1",false,true,C:/Users/fabio.cevenini/Desktop/distanze/Nordest_main|layername=Nordest_main_roads,"1","0","1",0.00141733034258,299.276055687786,13.752175,45.7032817
"783106247","5114",secondary,Via dell'Istria,,F,"50","0",false,false,C:/Users/fabio.cevenini/Desktop/distanze/Nordest_main|layername=Nordest_main_roads,"2","0","2",4.403404187e-05,62.0683343987419,13.7813801,45.6415155
"783106250","5114",secondary,Via dell'Istria,,F,"50","0",false,false,C:/Users/fabio.cevenini/Desktop/distanze/Nordest_main|layername=Nordest_main_roads,"5","0","5",0.00016844479349,217.568592034293,13.7812153,45.6416064
"795143657","5115",tertiary,Strada della Grappetta,,B,"0","0",false,false,C:/Users/fabio.cevenini/Desktop/distanze/Nordest_main|layername=Nordest_main_roads,"2","0","2",0.00159681770056,160.902814416346,13.506065,45.7899895
"791118857","5132",trunk_link,Nuova Sopraelevata,SS202,F,"30","2",true,false,C:/Users/fabio.cevenini/Desktop/distanze/Nordest_main|layername=Nordest_main_roads,"2","0","2",0.00058223613733,265.932222254493,13.7650633,45.6385372
"792230185","5114",secondary,Via Francesco Rismondo,,F,"0","0",false,false,C:/Users/fabio.cevenini/Desktop/distanze/Nordest_main|layername=Nordest_main_roads,"3","0","3",0.00117848236955,136.144558361945,13.7821111,45.6534784
"792907427","5114",secondary,Largo Caduti per la Libert√†,,F,"50","0",false,false,C:/Users/fabio.cevenini/Desktop/distanze/Nordest_main|layername=Nordest_main_roads,"0","0","0",0,237.910658202564,13.7697323,45.6035916
"790393880","5132",trunk_link,Autostrada Sistiana-Rabuiese (tronco II),A,F,"0","2",true,false,C:/Users/fabio.cevenini/Desktop/distanze/Nordest_main|layername=Nordest_main_roads,"4","0","4",0.00121477922513,303.54925158723,13.8294427,45.6099917
"790393877","5132",trunk_link,Autostrada Sistiana-Rabuiese (tronco II),A,F,"50","3",true,false,C:/Users/fabio.cevenini/Desktop/distanze/Nordest_main|layername=Nordest_main_roads,"9","0","9",0.00279995179134,249.218934216034,13.8308304,45.6089378
"26258819","5114",secondary,Galleria Antonio Parladori,,B,"30","-1",false,true,C:/Users/fabio.cevenini/Desktop/distanze/Nordest_main|layername=Nordest_main_roads,"0","0","0",0,200.935660480961,13.7658149,45.6054804
"787538981","5115",tertiary,,,B,"30","0",false,false,C:/Users/fabio.cevenini/Desktop/distanze/Nordest_main|layername=Nordest_main_roads,"3","0","3",0.00043024635453,94.9033828013808,13.6945966,45.7321848
"797878062","5115",tertiary,Via delle Campanelle,,B,"50","0",false,false,C:/Users/fabio.cevenini/Desktop/distanze/Nordest_main|layername=Nordest_main_roads,"17","0","17",0.00285099003703,118.191624680324,13.8018161,45.6346878
"797878062","5115",tertiary,Via delle Campanelle,,B,"50","0",false,false,C:/Users/fabio.cevenini/Desktop/distanze/Nordest_main|layername=Nordest_main_roads,"8","0","8",0.00130707403686,107.560652193908,13.8002986,45.6349488
"26292518","5132",trunk_link,Nuova Sopraelevata,,F,"0","2",true,false,C:/Users/fabio.cevenini/Desktop/distanze/Nordest_main|layername=Nordest_main_roads,"4","0","4",0.00195900114121,98.1277378692487,13.8154573,45.6165396
"797387014","5114",secondary,Via di Servola,,B,"50","0",false,false,C:/Users/fabio.cevenini/Desktop/distanze/Nordest_main|layername=Nordest_main_roads,"0","0","0",0,0.87024871067834,13.7802964,45.6255551
"26262559","5112",trunk,Nuova Sopraelevata,SS202,F,"80","1",true,false,C:/Users/fabio.cevenini/Desktop/distanze/Nordest_main|layername=Nordest_main_roads,"5","0","5",0.00119541908873,299.206487423196,13.8191046,45.6305185
"797395661","5115",tertiary,Via Travnik / Ulica Travnik,,B,"0","0",false,false,C:/Users/fabio.cevenini/Desktop/distanze/Nordest_main|layername=Nordest_main_roads,"0","0","0",0,78.5461085879797,13.8253852,45.6061982
"26262656","5112",trunk,Nuova Sopraelevata,SS202,F,"80","1",true,false,C:/Users/fabio.cevenini/Desktop/distanze/Nordest_main|layername=Nordest_main_roads,"14","0","14",0.00289056413247,121.296103583584,13.8189487,45.6305029
"26262656","5112",trunk,Nuova Sopraelevata,SS202,F,"80","1",true,false,C:/Users/fabio.cevenini/Desktop/distanze/Nordest_main|layername=Nordest_main_roads,"10","0","10",0.00230432488602,126.735288047168,13.8184661,45.6308355
"26261968","5132",trunk_link,Nuova Sopraelevata,,F,"0","2",true,false,C:/Users/fabio.cevenini/Desktop/distanze/Nordest_main|layername=Nordest_main_roads,"2","0","2",0.00039599648052,84.9552047893987,13.8232125,45.6122408
"231997210","5112",trunk,Autostrada Sistiana-Rabuiese (tronco II),A,F,"0","2",true,false,C:/Users/fabio.cevenini/Desktop/distanze/Nordest_main|layername=Nordest_main_roads,"3","0","3",0.00375480502887,242.153916037464,13.8249267,45.6048442
"807256991","5115",tertiary,Via dei Bagni Nuova,,B,"0","0",false,false,C:/Users/fabio.cevenini/Desktop/distanze/Nordest_main|layername=Nordest_main_roads,"1","0","1",0.00049303089153,308.378495116009,13.5241791,45.7904428
"39267742","5115",tertiary,,,B,"50","0",false,false,C:/Users/fabio.cevenini/Desktop/distanze/Nordest_main|layername=Nordest_main_roads,"43","0","43",0.00065341579427,131.353904519009,13.1301503,45.6882277
"40096436","5115",tertiary,Via Fratelli Rosselli,,F,"50","0",false,false,C:/Users/fabio.cevenini/Desktop/distanze/Nordest_main|layername=Nordest_main_roads,"9","0","9",0.00196536003686,300.168098889432,13.5321689,45.8092019
"1075514067","5113",primary,Piazza Vittore Carpaccio,SR352,B,"50","0",false,false,C:/Users/fabio.cevenini/Desktop/distanze/Nordest_main|layername=Nordest_main_roads,"4","0","4",0.00023043377484,64.519025910439,13.386914,45.6811221
"1075514067","5113",primary,Piazza Vittore Carpaccio,SR352,B,"50","0",false,false,C:/Users/fabio.cevenini/Desktop/distanze/Nordest_main|layername=Nordest_main_roads,"0","0","0",0,90.29133196476,13.3866894,45.6810819
"1076170662","5113",primary,Viale Miramare,,B,"50","0",false,false,C:/Users/fabio.cevenini/Desktop/distanze/Nordest_main|layername=Nordest_main_roads,"7","0","7",0.00090068941858,290.289068466386,13.7619439,45.6673872
"1076214453","5114",secondary,Via San Giacomo in Monte,,B,"50","0",false,false,C:/Users/fabio.cevenini/Desktop/distanze/Nordest_main|layername=Nordest_main_roads,"2","0","2",0.00062183916305,284.779707542668,13.7750802,45.6451095
"1073644879","5113",primary,Via Umberto Saba,SP19,F,"50","0",false,false,C:/Users/fabio.cevenini/Desktop/distanze/Nordest_main|layername=Nordest_main_roads,"0","0","0",0,179.655885340751,13.4066385,45.6828286
"1085265883","5113",primary,Via Monfalcone,SP19,B,"50","0",false,false,C:/Users/fabio.cevenini/Desktop/distanze/Nordest_main|layername=Nordest_main_roads,"22","0","22",0.00090420976978,239.094828333397,13.4150433,45.6825436
"1083616217","5115",tertiary,,,B,"30","0",false,false,C:/Users/fabio.cevenini/Desktop/distanze/Nordest_main|layername=Nordest_main_roads,"10","0","10",0.00220125352693,238.513690585663,13.6754568,45.7395484
"1083616217","5115",tertiary,,,B,"30","0",false,false,C:/Users/fabio.cevenini/Desktop/distanze/Nordest_main|layername=Nordest_main_roads,"0","0","0",0,291.827130340959,13.6773967,45.7385969
"1078939916","5113",primary,,SS14,B,"50","0",false,false,C:/Users/fabio.cevenini/Desktop/distanze/Nordest_main|layername=Nordest_main_roads,"2","0","2",0.00044404085584,96.7867772212242,13.625354,45.7728886
"37391665","5115",tertiary,,SP31,B,"0","0",false,false,C:/Users/fabio.cevenini/Desktop/distanze/Nordest_main|layername=Nordest_main_roads,"35","0","35",0.00524638511072,58.6050663751941,13.6625723,45.7661939
"37391668","5115",tertiary,,SP31,B,"0","0",false,false,C:/Users/fabio.cevenini/Desktop/distanze/Nordest_main|layername=Nordest_main_roads,"16","0","16",0.00345703260449,90.3625999425578,13.6608758,45.7602527
"1093886847","5113",primary,Via Cesare Augusto Colombo,,B,"50","0",false,false,C:/Users/fabio.cevenini/Desktop/distanze/Nordest_main|layername=Nordest_main_roads,"0","0","0",0,295.663717012399,13.5599876,45.8013233
"223767595","5113",primary,,SS14,B,"50","0",false,false,C:/Users/fabio.cevenini/Desktop/distanze/Nordest_main|layername=Nordest_main_roads,"1","0","1",0.00020058028318,124.221269235562,13.5906745,45.7888316
"1043112758","5113",primary,Via Flavia,,F,"50","0",false,false,C:/Users/fabio.cevenini/Desktop/distanze/Nordest_main|layername=Nordest_main_roads,"3","0","3",8.875022373e-05,48.1530062607408,13.8194825,45.6163563
"227993133","5114",secondary,Strada del Friuli,,B,"0","0",false,false,C:/Users/fabio.cevenini/Desktop/distanze/Nordest_main|layername=Nordest_main_roads,"51","0","51",0.01118115046435,341.369553250349,13.7442111,45.6932929
"1052654402","5131",motorway_link,,NSA56,F,"50","0",false,false,C:/Users/fabio.cevenini/Desktop/distanze/Nordest_main|layername=Nordest_main_roads,"2","0","2",0.00156039942096,57.723835952568,13.6456314,45.7654767
"33578030","5114",secondary,,SR55,B,"90","0",false,false,C:/Users/fabio.cevenini/Desktop/distanze/Nordest_main|layername=Nordest_main_roads,"3","0","3",0.00275334118588,299.026316780436,13.5873311,45.7945615
"203141241","5111",motorway,Raccordo Autostradale 13 Sistiana-Padriciano,RA13,F,"130","0",false,false,C:/Users/fabio.cevenini/Desktop/distanze/Nordest_main|layername=Nordest_main_roads,"26","0","26",0.02351034725239,311.319248778984,13.6452769,45.7700073
"203141242","5111",motorway,Raccordo Autostradale 13 Sistiana-Padriciano,RA13,F,"130","0",false,false,C:/Users/fabio.cevenini/Desktop/distanze/Nordest_main|layername=Nordest_main_roads,"33","0","33",0.03125761146709,122.616187338502,13.6955961,45.7400101
"203141242","5111",motorway,Raccordo Autostradale 13 Sistiana-Padriciano,RA13,F,"130","0",false,false,C:/Users/fabio.cevenini/Desktop/distanze/Nordest_main|layername=Nordest_main_roads,"28","0","28",0.02201833509486,120.09064820536,13.6877279,45.7448499
"202630966","5115",tertiary,Strada per Chiampore,SP17,B,"0","0",false,false,C:/Users/fabio.cevenini/Desktop/distanze/Nordest_main|layername=Nordest_main_roads,"26","0","26",0.00584339154724,270.875865110185,13.7393904,45.6028793
"202630966","5115",tertiary,Strada per Chiampore,SP17,B,"0","0",false,false,C:/Users/fabio.cevenini/Desktop/distanze/Nordest_main|layername=Nordest_main_roads,"45","0","45",0.00863380253214,165.004959378214,13.7369154,45.6022085
"202630966","5115",tertiary,Strada per Chiampore,SP17,B,"0","0",false,false,C:/Users/fabio.cevenini/Desktop/distanze/Nordest_main|layername=Nordest_main_roads,"43","0","43",0.00852601310122,194.927408553175,13.736913,45.6023151
"1073533187","5114",secondary,Via San Polo,SR305,B,"50","0",false,false,C:/Users/fabio.cevenini/Desktop/distanze/Nordest_main|layername=Nordest_main_roads,"0","0","0",0,272.898576796307,13.5152028,45.8171015
"1073544280","5113",primary,Largo dell'Anconetta,,F,"50","0",false,false,C:/Users/fabio.cevenini/Desktop/distanze/Nordest_main|layername=Nordest_main_roads,"4","0","4",0.00024667076817,91.8287155233369,13.5250666,45.8097457
"990851383","5113",primary,Via di Campo Marzio,,F,"50","0",false,false,C:/Users/fabio.cevenini/Desktop/distanze/Nordest_main|layername=Nordest_main_roads,"4","0","4",0.00052815070278,72.7664954888287,13.7579903,45.6453378
"202179351","5115",tertiary,,SP4,B,"0","0",false,false,C:/Users/fabio.cevenini/Desktop/distanze/Nordest_main|layername=Nordest_main_roads,"19","0","19",0.0041954690081,328.287975243739,13.6400809,45.7820091
"990851382","5113",primary,Viale dei Campi Elisi,,B,"50","0",false,false,C:/Users/fabio.cevenini/Desktop/distanze/Nordest_main|layername=Nordest_main_roads,"1","0","1",0.00020726934168,259.357003553957,13.7745557,45.6396406
"1008903251","5115",tertiary,Via Terenziana,SP2,B,"50","0",false,false,C:/Users/fabio.cevenini/Desktop/distanze/Nordest_main|layername=Nordest_main_roads,"6","0","6",0.00216986399707,245.590750259182,13.5218819,45.80846
"30423004","5115",tertiary,Via dei Bagni Nuova,,B,"0","1",true,false,C:/Users/fabio.cevenini/Desktop/distanze/Nordest_main|layername=Nordest_main_roads,"1","0","1",0.00038634018688,325.73818654823,13.5298178,45.7859758
"1015569651","5114",secondary,Via Italo Svevo,,F,"50","0",false,true,C:/Users/fabio.cevenini/Desktop/distanze/Nordest_main|layername=Nordest_main_roads,"0","0","0",0,319.487293958951,13.7795504,45.6346969
"1016535386","5115",tertiary,Darsella di San Bartolomeo,,B,"0","0",false,false,C:/Users/fabio.cevenini/Desktop/distanze/Nordest_main|layername=Nordest_main_roads,"6","0","6",0.00174884937567,74.6391296253901,13.7287983,45.5993611
"86219739","5113",primary,Via Flavia,,B,"50","0",false,false,C:/Users/fabio.cevenini/Desktop/distanze/Nordest_main|layername=Nordest_main_roads,"21","0","21",0.0051109283683,281.336602421818,13.8063503,45.6217343
"407712423","5115",tertiary,,,B,"0","0",false,false,C:/Users/fabio.cevenini/Desktop/distanze/Nordest_main|layername=Nordest_main_roads,"20","0","20",0.00034463496332,264.011379590844,13.1208496,45.6840417
"83056322","5113",primary,Via Grado,SP19,F,"0","0",false,false,C:/Users/fabio.cevenini/Desktop/distanze/Nordest_main|layername=Nordest_main_roads,"5","0","5",0.00179413562918,76.2126266533481,13.5259008,45.7986263
"431285737","5113",primary,Via Cesare Augusto Colombo,,F,"50","0",false,false,C:/Users/fabio.cevenini/Desktop/distanze/Nordest_main|layername=Nordest_main_roads,"5","0","5",0.00044879193444,85.3880551608975,13.5529887,45.8016316
"430917635","5112",trunk,Nuova Sopraelevata,SS202,F,"80","0",false,false,C:/Users/fabio.cevenini/Desktop/distanze/Nordest_main|layername=Nordest_main_roads,"4","0","4",0.00191731404597,88.413089317635,13.8261977,45.6297439
"431285897","5113",primary,Via Timavo,,B,"0","0",false,false,C:/Users/fabio.cevenini/Desktop/distanze/Nordest_main|layername=Nordest_main_roads,"1","0","1",6.711482698e-05,98.4014199876757,13.5523357,45.8014044
"431302336","5115",tertiary,Via Eugenio Valentinis,,B,"50","0",false,false,C:/Users/fabio.cevenini/Desktop/distanze/Nordest_main|layername=Nordest_main_roads,"1","0","1",9.619532213e-05,293.078348851808,13.5423833,45.804361
"93889312","5111",motorway,Autostrada Serenissima,A4,F,"130","0",false,false,C:/Users/fabio.cevenini/Desktop/distanze/Nordest_main|layername=Nordest_main_roads,"94","0","94",0.06103610959662,304.383224091762,13.589455,45.791795
"59405886","5131",motorway_link,,,F,"40","0",false,false,C:/Users/fabio.cevenini/Desktop/distanze/Nordest_main|layername=Nordest_main_roads,"7","0","7",0.00053315964836,259.035566611511,13.7296796,45.7193112
"59405629","5114",secondary,,SP6,B,"0","0",false,false,C:/Users/fabio.cevenini/Desktop/distanze/Nordest_main|layername=Nordest_main_roads,"3","0","3",0.00067040000884,193.134026686657,13.7282799,45.7181099
"358124162","5115",tertiary,Via Muggia / Ulica Muggia,,B,"50","0",false,false,C:/Users/fabio.cevenini/Desktop/distanze/Nordest_main|layername=Nordest_main_roads,"2","0","2",0.00010409228495,97.9700704145898,13.8194201,45.6081366
"70850515","5113",primary,Via Giosu√® Carducci,,F,"50","0",false,false,C:/Users/fabio.cevenini/Desktop/distanze/Nordest_main|layername=Nordest_main_roads,"1","0","1",0.00044043816819,335.350208137411,13.7769129,45.6518499
"70850525","5114",secondary,Via di Cologna,,B,"0","0",false,false,C:/Users/fabio.cevenini/Desktop/distanze/Nordest_main|layername=Nordest_main_roads,"8","0","8",0.00268629490597,40.8807445217542,13.7912058,45.6586955
"70083721","5115",tertiary,Via San Giusto,,F,"0","0",false,false,C:/Users/fabio.cevenini/Desktop/distanze/Nordest_main|layername=Nordest_main_roads,"3","0","3",0.0002967002378,240.676322106971,13.5187267,45.8137276
"70083725","5114",secondary,Via San Polo,SR305,B,"50","0",false,false,C:/Users/fabio.cevenini/Desktop/distanze/Nordest_main|layername=Nordest_main_roads,"3","0","3",0.00105887429926,315.031707676978,13.5176067,45.8149114
"62788765","5115",tertiary,Via Alpi Giulie,,F,"50","0",false,false,C:/Users/fabio.cevenini/Desktop/distanze/Nordest_main|layername=Nordest_main_roads,"0","0","0",0,246.043743572402,13.8181171,45.6269723
"72881556","5113",primary,Via dei Cipressi,,F,"0","0",false,false,C:/Users/fabio.cevenini/Desktop/distanze/Nordest_main|layername=Nordest_main_roads,"0","0","0",0,159.485184646302,13.5302346,45.8011293
"360947956","5113",primary,Via Eugenio Valentinis,,F,"50","0",false,false,C:/Users/fabio.cevenini/Desktop/distanze/Nordest_main|layername=Nordest_main_roads,"4","0","4",0.00050014236097,284.260549732814,13.5517788,45.8017308
"360947956","5113",primary,Via Eugenio Valentinis,,F,"50","0",false,false,C:/Users/fabio.cevenini/Desktop/distanze/Nordest_main|layername=Nordest_main_roads,"1","0","1",0.00010318027912,270.698346614442,13.5521649,45.8016459
"391640255","5113",primary,Via Arrigo Boito,,B,"0","0",false,false,C:/Users/fabio.cevenini/Desktop/distanze/Nordest_main|layername=Nordest_main_roads,"12","0","12",0.00044789948531,90.1985326577602,13.5454103,45.8020027
"389103172","5113",primary,Strada di San Clemente,,B,"50","0",false,false,C:/Users/fabio.cevenini/Desktop/distanze/Nordest_main|layername=Nordest_main_roads,"5","0","5",0.00048022343708,279.609909353591,13.8017276,45.5928668
"53780507","5114",secondary,,SP32,B,"0","0",false,false,C:/Users/fabio.cevenini/Desktop/distanze/Nordest_main|layername=Nordest_main_roads,"9","0","9",0.00101379035783,75.0192559790644,13.6466518,45.7740496
"53022617","5114",secondary,,SP1,B,"50","0",false,false,C:/Users/fabio.cevenini/Desktop/distanze/Nordest_main|layername=Nordest_main_roads,"24","0","24",0.00258215144644,186.474255830912,13.6691491,45.7514405
"56701788","5114",secondary,,SP1,B,"50","0",false,false,C:/Users/fabio.cevenini/Desktop/distanze/Nordest_main|layername=Nordest_main_roads,"5","0","5",0.00080790784984,100.186022769605,13.7345813,45.7080129
"56701788","5114",secondary,,SP1,B,"50","0",false,false,C:/Users/fabio.cevenini/Desktop/distanze/Nordest_main|layername=Nordest_main_roads,"33","0","33",0.00726095206603,90.3196634873461,13.7408975,45.7069548
"58651602","5115",tertiary,,,B,"0","0",false,false,C:/Users/fabio.cevenini/Desktop/distanze/Nordest_main|layername=Nordest_main_roads,"7","0","7",0.00047955418972,219.633209215548,13.6921202,45.7322973
"58717735","5114",secondary,Via Commerciale,,B,"30","0",false,false,C:/Users/fabio.cevenini/Desktop/distanze/Nordest_main|layername=Nordest_main_roads,"8","0","8",0.00131833110573,24.1519945436781,13.7866986,45.6650276
"57736524","5114",secondary,,SP1,B,"50","0",false,false,C:/Users/fabio.cevenini/Desktop/distanze/Nordest_main|layername=Nordest_main_roads,"10","0","10",0.00158488149803,100.854947215193,13.6658551,45.7542731
"56701790","5114",secondary,,SP1,B,"50","0",false,false,C:/Users/fabio.cevenini/Desktop/distanze/Nordest_main|layername=Nordest_main_roads,"5","0","5",0.00047359406497,157.354376579787,13.7280994,45.714366
"316264118","5115",tertiary,Largo della Marcelliana,,B,"0","0",false,false,C:/Users/fabio.cevenini/Desktop/distanze/Nordest_main|layername=Nordest_main_roads,"4","0","4",0.00029974672997,22.9169026171911,13.528991,45.7992061
"300174186","5113",primary,Via Cesare Augusto Colombo,,F,"50","0",false,false,C:/Users/fabio.cevenini/Desktop/distanze/Nordest_main|layername=Nordest_main_roads,"2","0","2",0.00023152796084,279.005966279009,13.5603835,45.8012391
"300174183","5113",primary,Via Cesare Augusto Colombo,,B,"50","0",false,false,C:/Users/fabio.cevenini/Desktop/distanze/Nordest_main|layername=Nordest_main_roads,"2","0","2",0.00076359890055,273.454688233071,13.5644492,45.8009573
"258802985","5113",primary,Via Grado,SP19,B,"0","0",false,false,C:/Users/fabio.cevenini/Desktop/distanze/Nordest_main|layername=Nordest_main_roads,"1","0","1",0.00033124884905,256.885154741765,13.5120419,45.7954328
"46728698","5134",secondary_link,Strada Provinciale 1 dir ex strada postale SP1 - SP35,SP1dir,F,"0","0",false,false,C:/Users/fabio.cevenini/Desktop/distanze/Nordest_main|layername=Nordest_main_roads,"3","0","3",0.00027833310411,165.705993461729,13.7456532,45.707222
"268454361","5115",tertiary,Via Tarvisio,,B,"50","0",false,false,C:/Users/fabio.cevenini/Desktop/distanze/Nordest_main|layername=Nordest_main_roads,"6","0","6",0.00371306103515,250.384834414367,13.1216516,45.6826114
"268454356","5115",tertiary,Via Latisana,,F,"50","0",false,false,C:/Users/fabio.cevenini/Desktop/distanze/Nordest_main|layername=Nordest_main_roads,"4","0","4",0.00176594209385,68.8064358130529,13.1274367,45.6846688
"47205748","5114",secondary,Via Commerciale,,B,"50","0",false,false,C:/Users/fabio.cevenini/Desktop/distanze/Nordest_main|layername=Nordest_main_roads,"64","0","64",0.01342471416309,92.9170719156288,13.7797921,45.6641353
"46849328","5115",tertiary,Viale Europa,,F,"50","0",false,false,C:/Users/fabio.cevenini/Desktop/distanze/Nordest_main|layername=Nordest_main_roads,"3","0","3",0.0020899438853,246.02777582962,13.1262934,45.686726
"288546535","5115",tertiary,Via di Santa Barbara,SP16,B,"0","0",false,false,C:/Users/fabio.cevenini/Desktop/distanze/Nordest_main|layername=Nordest_main_roads,"33","0","33",0.00574233388671,137.469801113902,13.7718222,45.5901096
"288546535","5115",tertiary,Via di Santa Barbara,SP16,B,"0","0",false,false,C:/Users/fabio.cevenini/Desktop/distanze/Nordest_main|layername=Nordest_main_roads,"31","0","31",0.0054239015503,158.750785035619,13.7716426,45.5903699
"141919392","5114",secondary,,,B,"0","0",false,false,C:/Users/fabio.cevenini/Desktop/distanze/Nordest_main|layername=Nordest_main_roads,"8","0","8",0.00120384697299,44.130898599388,13.7329854,45.7067368
"723226307","5113",primary,Via Flavia di Stramare,,F,"50","0",false,false,C:/Users/fabio.cevenini/Desktop/distanze/Nordest_main|layername=Nordest_main_roads,"4","0","4",0.00017631435197,112.365760798855,13.805382,45.5966589
"148450563","5115",tertiary,Via di Santa Barbara,SP16,B,"0","0",false,false,C:/Users/fabio.cevenini/Desktop/distanze/Nordest_main|layername=Nordest_main_roads,"5","0","5",0.00063694525669,161.882856781338,13.7748817,45.6002704
"722683849","5113",primary,Via Flavia,,B,"50","0",false,false,C:/Users/fabio.cevenini/Desktop/distanze/Nordest_main|layername=Nordest_main_roads,"4","0","4",0.00095459558468,265.56273452174,13.8047315,45.6218094
"722683851","5114",secondary,Via Giovanni e Sebastiano Caboto,,B,"50","0",false,false,C:/Users/fabio.cevenini/Desktop/distanze/Nordest_main|layername=Nordest_main_roads,"4","0","4",0.00240917529049,124.686915132052,13.8025613,45.6183652
"148319293","5114",secondary,Strada della Rosandra,,F,"50","0",false,false,C:/Users/fabio.cevenini/Desktop/distanze/Nordest_main|layername=Nordest_main_roads,"3","0","3",0.00030653240124,118.002968945871,13.8196971,45.6162199
"148319343","5113",primary,Strada di San Clemente,,B,"50","0",false,false,C:/Users/fabio.cevenini/Desktop/distanze/Nordest_main|layername=Nordest_main_roads,"6","0","6",0.00063506862036,86.2674955611159,13.8016529,45.5922601
"148319343","5113",primary,Strada di San Clemente,,B,"50","0",false,false,C:/Users/fabio.cevenini/Desktop/distanze/Nordest_main|layername=Nordest_main_roads,"7","0","7",0.00078953130194,72.4785299612052,13.8018045,45.5922897
"730666969","5113",primary,,SR14,B,"60","0",false,false,C:/Users/fabio.cevenini/Desktop/distanze/Nordest_main|layername=Nordest_main_roads,"8","0","8",0.002383974126,114.030643822653,13.655995,45.7514135
"730666971","5113",primary,,SR14,B,"80","0",false,false,C:/Users/fabio.cevenini/Desktop/distanze/Nordest_main|layername=Nordest_main_roads,"3","0","3",0.00154726787052,303.257549177537,13.652496,45.753175
"730666969","5113",primary,,SR14,B,"60","0",false,false,C:/Users/fabio.cevenini/Desktop/distanze/Nordest_main|layername=Nordest_main_roads,"39","0","39",0.0124249780136,128.73005765777,13.6638857,45.7453215
"726969396","5113",primary,Via dell'Istria,,B,"50","0",false,false,C:/Users/fabio.cevenini/Desktop/distanze/Nordest_main|layername=Nordest_main_roads,"11","0","11",0.00215805111245,335.702171138423,13.7942786,45.6276791
"726969396","5113",primary,Via dell'Istria,,B,"50","0",false,false,C:/Users/fabio.cevenini/Desktop/distanze/Nordest_main|layername=Nordest_main_roads,"8","0","8",0.00181104025705,334.482456051135,13.7944313,45.6273675
"148460800","5113",primary,Strada Costiera,SR14,B,"50","-1",false,true,C:/Users/fabio.cevenini/Desktop/distanze/Nordest_main|layername=Nordest_main_roads,"0","0","0",0,341.981792662991,13.7164704,45.7053534
"737105161","5113",primary,Piazza della Libert√†,,F,"50","0",false,false,C:/Users/fabio.cevenini/Desktop/distanze/Nordest_main|layername=Nordest_main_roads,"2","0","2",0.00011077588438,209.456688708463,13.7717608,45.6569493
"735296870","5114",secondary,Via del Teatro Romano,,F,"0","0",false,false,C:/Users/fabio.cevenini/Desktop/distanze/Nordest_main|layername=Nordest_main_roads,"17","0","17",0.00383083204495,48.6888909471242,13.7719547,45.649665
"735314038","5114",secondary,Via di Trieste,SP14,B,"0","0",false,false,C:/Users/fabio.cevenini/Desktop/distanze/Nordest_main|layername=Nordest_main_roads,"4","0","4",0.000283413614,72.5485730945865,13.7851317,45.5975629
"731885509","5132",trunk_link,,,F,"50","0",false,false,C:/Users/fabio.cevenini/Desktop/distanze/Nordest_main|layername=Nordest_main_roads,"2","0","2",0.00012131830309,227.758996484067,13.7881589,45.6217313
"778554055","5115",tertiary,Via Giulia,,F,"50","0",false,false,C:/Users/fabio.cevenini/Desktop/distanze/Nordest_main|layername=Nordest_main_roads,"1","0","1",6.603665649e-05,90.9545762184236,13.7858355,45.6539247
"25782647","5114",secondary,Nuova Strada ANAS 56 di Sistiana,,F,"40","0",false,false,C:/Users/fabio.cevenini/Desktop/distanze/Nordest_main|layername=Nordest_main_roads,"2","0","2",0.00012249530458,259.110882361843,13.649003,45.7636155
"139399710","5114",secondary,Via di Servola,,B,"0","0",false,false,C:/Users/fabio.cevenini/Desktop/distanze/Nordest_main|layername=Nordest_main_roads,"7","0","7",0.00096487713608,295.667053624068,13.7841526,45.6248926
"137085961","5115",tertiary,Via Annia,,F,"0","0",false,false,C:/Users/fabio.cevenini/Desktop/distanze/Nordest_main|layername=Nordest_main_roads,"1","0","1",0.0003611258091,355.680390393212,13.1348121,45.690247
"747432838","5115",tertiary,Via Carlo Ghega,,F,"50","0",false,false,C:/Users/fabio.cevenini/Desktop/distanze/Nordest_main|layername=Nordest_main_roads,"7","0","7",0.00113358097381,329.370337679482,13.7723292,45.6562151
"24600264","5115",tertiary,Via Ercole Miani,,F,"0","0",false,false,C:/Users/fabio.cevenini/Desktop/distanze/Nordest_main|layername=Nordest_main_roads,"2","0","2",0.00011529184014,100.361196866353,13.7965635,45.6223564
"676368714","5115",tertiary,Viale Centrale,,F,"50","0",false,false,C:/Users/fabio.cevenini/Desktop/distanze/Nordest_main|layername=Nordest_main_roads,"7","0","7",0.00822295069159,196.258888994792,13.1155227,45.6757846
"140106726","5113",primary,Via Flavia,,F,"50","0",false,false,C:/Users/fabio.cevenini/Desktop/distanze/Nordest_main|layername=Nordest_main_roads,"20","0","20",0.00787755618052,234.71802753314,13.8164305,45.6098197
"140000557","5113",primary,Largo della Barriera Vecchia,,F,"50","0",false,false,C:/Users/fabio.cevenini/Desktop/distanze/Nordest_main|layername=Nordest_main_roads,"1","0","1",0.00013980146637,134.025283249364,13.7791799,45.6475984
"140362082","5115",tertiary,Via Bonomea,,B,"0","0",false,false,C:/Users/fabio.cevenini/Desktop/distanze/Nordest_main|layername=Nordest_main_roads,"8","0","8",0.00151137536401,100.018765294543,13.7749579,45.6802157
"140119515","5114",secondary,Via di Servola,,B,"50","0",false,false,C:/Users/fabio.cevenini/Desktop/distanze/Nordest_main|layername=Nordest_main_roads,"11","0","11",0.00169795068914,266.885159894942,13.7820849,45.6256123
"712693574","5115",tertiary,Via della Quercia,,F,"50","0",false,false,C:/Users/fabio.cevenini/Desktop/distanze/Nordest_main|layername=Nordest_main_roads,"1","0","1",0.00016575186273,135.419790506478,13.1347895,45.6895791
"712693574","5115",tertiary,Via della Quercia,,F,"50","0",false,false,C:/Users/fabio.cevenini/Desktop/distanze/Nordest_main|layername=Nordest_main_roads,"1","0","1",0.00016575186273,135.419790506478,13.1347895,45.6895791
"141509039","5115",tertiary,,SP4,B,"0","0",false,false,C:/Users/fabio.cevenini/Desktop/distanze/Nordest_main|layername=Nordest_main_roads,"11","0","11",0.00160523367995,93.0483585839004,13.6448541,45.7845036
"722227177","5113",primary,Via Monfalcone,SP19,B,"50","0",false,false,C:/Users/fabio.cevenini/Desktop/distanze/Nordest_main|layername=Nordest_main_roads,"30","0","30",0.01738397060767,46.237974369534,13.4469726,45.6918965
"140364721","5113",primary,,SP35,B,"50","0",false,false,C:/Users/fabio.cevenini/Desktop/distanze/Nordest_main|layername=Nordest_main_roads,"1","0","1",0.00054746062872,305.318686198997,13.7455252,45.7074684
"140364727","5114",secondary,,SP1,B,"0","0",false,false,C:/Users/fabio.cevenini/Desktop/distanze/Nordest_main|layername=Nordest_main_roads,"0","0","0",0,143.935241521957,13.745523,45.7056425
"140364736","5114",secondary,,SP1,B,"0","0",false,false,C:/Users/fabio.cevenini/Desktop/distanze/Nordest_main|layername=Nordest_main_roads,"0","0","0",0,142.939897450648,13.7452159,45.7060757
"722183971","5113",primary,Via Luseo,SP19,B,"90","0",false,false,C:/Users/fabio.cevenini/Desktop/distanze/Nordest_main|layername=Nordest_main_roads,"1","0","1",0.00256433402271,337.161935775736,13.4576976,45.7192792
"22709543","5113",primary,Via Valmaura,,F,"50","0",false,false,C:/Users/fabio.cevenini/Desktop/distanze/Nordest_main|layername=Nordest_main_roads,"35","0","35",0.00445529190271,61.2411921075105,13.7856634,45.6200894
"22709543","5113",primary,Via Valmaura,,F,"50","0",false,false,C:/Users/fabio.cevenini/Desktop/distanze/Nordest_main|layername=Nordest_main_roads,"34","0","34",0.0043604884745,67.9539283666526,13.7855769,45.6200506
"22709543","5113",primary,Via Valmaura,,F,"50","0",false,false,C:/Users/fabio.cevenini/Desktop/distanze/Nordest_main|layername=Nordest_main_roads,"29","0","29",0.00401978729064,144.323380550757,13.7852663,45.6200497
"721723661","5115",tertiary,Via Costalunga,,B,"0","0",false,false,C:/Users/fabio.cevenini/Desktop/distanze/Nordest_main|layername=Nordest_main_roads,"19","0","19",0.00341405284113,292.68962605499,13.8167794,45.6233164
"19853903","5131",motorway_link,,,F,"0","0",false,false,C:/Users/fabio.cevenini/Desktop/distanze/Nordest_main|layername=Nordest_main_roads,"2","0","2",0.00062888483031,110.621367384271,13.606498,45.7772069
"125168940","5114",secondary,Via Commerciale,,B,"50","0",false,false,C:/Users/fabio.cevenini/Desktop/distanze/Nordest_main|layername=Nordest_main_roads,"14","0","14",0.00235140254659,95.506114232693,13.7831738,45.6646157
"580939200","5113",primary,Via Fabio Severo,,F,"50","0",false,false,C:/Users/fabio.cevenini/Desktop/distanze/Nordest_main|layername=Nordest_main_roads,"22","0","22",0.00790497040981,264.404300281611,13.7757326,45.6551933
"586198632","5113",primary,Viale Miramare,,B,"50","0",false,false,C:/Users/fabio.cevenini/Desktop/distanze/Nordest_main|layername=Nordest_main_roads,"17","0","17",0.00775382257299,305.085629436954,13.7462304,45.6871727
"544663353","5113",primary,Via Cesare Augusto Colombo,,B,"50","0",false,false,C:/Users/fabio.cevenini/Desktop/distanze/Nordest_main|layername=Nordest_main_roads,"0","0","0",0,48.0333494221242,13.5599854,45.8011319
"23899986","5114",secondary,Via Udine,,B,"50","0",false,false,C:/Users/fabio.cevenini/Desktop/distanze/Nordest_main|layername=Nordest_main_roads,"25","0","25",0.00624755279154,330.037920887875,13.7718287,45.6615378
"550708853","5135",tertiary_link,,,F,"0","0",false,false,C:/Users/fabio.cevenini/Desktop/distanze/Nordest_main|layername=Nordest_main_roads,"0","0","0",0,100.027335550122,13.7986413,45.6376932
"24465256","5114",secondary,,SP32,B,"0","0",false,false,C:/Users/fabio.cevenini/Desktop/distanze/Nordest_main|layername=Nordest_main_roads,"36","0","36",0.00480590775487,73.0875539290529,13.6509797,45.7804839
"586198647","5113",primary,Viale Oscar Cosulich,,F,"0","0",false,false,C:/Users/fabio.cevenini/Desktop/distanze/Nordest_main|layername=Nordest_main_roads,"7","0","7",0.00443914191894,25.1294840126877,13.5331827,45.8049039
"586198647","5113",primary,Viale Oscar Cosulich,,F,"0","0",false,false,C:/Users/fabio.cevenini/Desktop/distanze/Nordest_main|layername=Nordest_main_roads,"8","0","8",0.00452011259264,25.140863857997,13.5332171,45.8049772
"133860988","5115",tertiary,Via Travnik / Ulica Travnik,,F,"0","0",false,false,C:/Users/fabio.cevenini/Desktop/distanze/Nordest_main|layername=Nordest_main_roads,"1","0","1",0.00015149735971,165.10823028009,13.8301085,45.6097775
"133860987","5115",tertiary,Via Travnik / Ulica Travnik,,F,"0","0",false,false,C:/Users/fabio.cevenini/Desktop/distanze/Nordest_main|layername=Nordest_main_roads,"4","0","4",0.0006634762092,96.6469524592487,13.8306548,45.6095439
"24465247","5114",secondary,,SP32,B,"0","0",false,false,C:/Users/fabio.cevenini/Desktop/distanze/Nordest_main|layername=Nordest_main_roads,"4","0","4",0.00209115724714,54.0653874884154,13.6410107,45.7719454
"24465245","5114",secondary,,SP32,F,"0","0",false,false,C:/Users/fabio.cevenini/Desktop/distanze/Nordest_main|layername=Nordest_main_roads,"2","0","2",0.00021628421261,248.121712954771,13.639119,45.7706314
"23937817","5115",tertiary,Via Giovanni Pascoli,,B,"50","0",false,false,C:/Users/fabio.cevenini/Desktop/distanze/Nordest_main|layername=Nordest_main_roads,"0","0","0",0,70.3005909575624,13.7850421,45.6473323
"7989121","5114",secondary,Piazza Giambattista Vico,,F,"50","0",false,false,C:/Users/fabio.cevenini/Desktop/distanze/Nordest_main|layername=Nordest_main_roads,"2","0","2",0.00013375683298,190.025064576169,13.7747969,45.6452616
"7697136","5114",secondary,,SP36,B,"50","0",false,false,C:/Users/fabio.cevenini/Desktop/distanze/Nordest_main|layername=Nordest_main_roads,"4","0","4",0.00151502084499,305.721854239837,13.8290961,45.6104723
"6121945","5115",tertiary,Via Alpi Giulie,,F,"50","0",false,false,C:/Users/fabio.cevenini/Desktop/distanze/Nordest_main|layername=Nordest_main_roads,"3","0","3",0.00031801709709,4.1816445756243,13.8181757,45.6267219
"459257211","5113",primary,Via Flavia,,F,"50","0",false,false,C:/Users/fabio.cevenini/Desktop/distanze/Nordest_main|layername=Nordest_main_roads,"12","0","12",0.00188342464337,297.915202819928,13.8176412,45.6175848
"459257204","5134",secondary_link,,,F,"0","0",false,false,C:/Users/fabio.cevenini/Desktop/distanze/Nordest_main|layername=Nordest_main_roads,"8","0","8",0.00028281382914,230.384385210894,13.8188104,45.6164413
"7989430","5115",tertiary,Via Matteo Renato Imbriani,,F,"50","0",false,false,C:/Users/fabio.cevenini/Desktop/distanze/Nordest_main|layername=Nordest_main_roads,"1","0","1",0.00017008247999,28.8931650458471,13.7755698,45.6497598
"109378621","5112",trunk,Nuova Sopraelevata,SS202,F,"50","2",true,false,C:/Users/fabio.cevenini/Desktop/distanze/Nordest_main|layername=Nordest_main_roads,"57","0","57",0.02360838890903,114.264329341949,13.8228556,45.6138046
"485903279","5114",secondary,,SP1,B,"50","0",false,false,C:/Users/fabio.cevenini/Desktop/distanze/Nordest_main|layername=Nordest_main_roads,"5","0","5",0.00166076341172,122.727000186245,13.650687,45.7625868
"9188838","5113",primary,Via Fabio Severo,,B,"50","0",false,false,C:/Users/fabio.cevenini/Desktop/distanze/Nordest_main|layername=Nordest_main_roads,"1","0","1",0.0006160543239,39.0343153913385,13.7927484,45.6592796
"8163812","5115",tertiary,Via Costalunga,,B,"0","0",false,false,C:/Users/fabio.cevenini/Desktop/distanze/Nordest_main|layername=Nordest_main_roads,"7","0","7",0.00089133955437,121.572850515337,13.7877068,45.6358975
"8048999","5115",tertiary,Strada di Cattinara,,B,"0","0",false,false,C:/Users/fabio.cevenini/Desktop/distanze/Nordest_main|layername=Nordest_main_roads,"16","0","16",0.00309337034196,164.083889445316,13.798143,45.6384724
"8048999","5115",tertiary,Strada di Cattinara,,B,"0","0",false,false,C:/Users/fabio.cevenini/Desktop/distanze/Nordest_main|layername=Nordest_main_roads,"32","0","32",0.00443505826487,84.7471619391122,13.7977236,45.6379738
"13856115","5115",tertiary,Via Giambattista Tiepolo,,B,"50","0",false,false,C:/Users/fabio.cevenini/Desktop/distanze/Nordest_main|layername=Nordest_main_roads,"3","0","3",0.00050283712126,99.7534460468387,13.7728788,45.645144
"498376515","5113",primary,Strada Costiera,SR14,B,"50","0",false,false,C:/Users/fabio.cevenini/Desktop/distanze/Nordest_main|layername=Nordest_main_roads,"13","0","13",0.00348547314307,327.380435435293,13.7172666,45.7038044
"498376515","5113",primary,Strada Costiera,SR14,B,"50","0",false,false,C:/Users/fabio.cevenini/Desktop/distanze/Nordest_main|layername=Nordest_main_roads,"4","0","4",0.00079258309325,292.266997665639,13.7193143,45.7021243
"9708580","5115",tertiary,,,B,"50","1",false,false,C:/Users/fabio.cevenini/Desktop/distanze/Nordest_main|layername=Nordest_main_roads,"1","0","1",6.268819666e-05,51.411561637438,13.7924623,45.6307702
"121820268","5132",trunk_link,Nuova Sopraelevata,,F,"0","2",true,false,C:/Users/fabio.cevenini/Desktop/distanze/Nordest_main|layername=Nordest_main_roads,"3","0","3",0.00273061098657,97.9830159759394,13.8180435,45.6162876
"9345932","5113",primary,Viale Giuseppe Verdi,,B,"0","0",false,false,C:/Users/fabio.cevenini/Desktop/distanze/Nordest_main|layername=Nordest_main_roads,"22","0","22",0.00842535030583,306.465219511647,13.5254937,45.808199
"9336707","5115",tertiary,Largo Osoppo,,B,"50","0",false,false,C:/Users/fabio.cevenini/Desktop/distanze/Nordest_main|layername=Nordest_main_roads,"5","0","5",0.00015970437486,329.390418657827,13.7668597,45.6695901
"28384460","5114",secondary,Strada di Fiume,,B,"50","0",false,false,C:/Users/fabio.cevenini/Desktop/distanze/Nordest_main|layername=Nordest_main_roads,"10","0","10",0.00371881381716,92.95669542896,13.7912667,45.636725
